{
	"tags"      : {
		"allowUnknownTags" : true
	},
	
	"source": {
    "include": [
    	"C:/Users/Administrator/Desktop/安徽农信/国光WOSA测试工具/js/devicelib/extend/carddispenser.js",
    	"C:/Users/Administrator/Desktop/安徽农信/国光WOSA测试工具/js/devicelib/extend/cardreader.js",
    	"C:/Users/Administrator/Desktop/安徽农信/国光WOSA测试工具/js/devicelib/extend/fillprinter.js",
    	"C:/Users/Administrator/Desktop/安徽农信/国光WOSA测试工具/js/devicelib/extend/finger.js",
    	"C:/Users/Administrator/Desktop/安徽农信/国光WOSA测试工具/js/devicelib/extend/idscaner.js",
    	"C:/Users/Administrator/Desktop/安徽农信/国光WOSA测试工具/js/devicelib/extend/pbprinter.js",
    	"C:/Users/Administrator/Desktop/安徽农信/国光WOSA测试工具/js/devicelib/extend/pinpad.js",
    	"C:/Users/Administrator/Desktop/安徽农信/国光WOSA测试工具/js/devicelib/extend/receiptprinter.js",
    	"C:/Users/Administrator/Desktop/安徽农信/国光WOSA测试工具/js/devicelib/extend/rfcardreader.js",
    	"C:/Users/Administrator/Desktop/安徽农信/国光WOSA测试工具/js/devicelib/extend/stampprinter.js",
    	"C:/Users/Administrator/Desktop/安徽农信/国光WOSA测试工具/js/devicelib/carddispenser.js",
    	"C:/Users/Administrator/Desktop/安徽农信/国光WOSA测试工具/js/devicelib/cardreader.js",
    	"C:/Users/Administrator/Desktop/安徽农信/国光WOSA测试工具/js/devicelib/fillprinter.js",
    	"C:/Users/Administrator/Desktop/安徽农信/国光WOSA测试工具/js/devicelib/finger.js",
    	"C:/Users/Administrator/Desktop/安徽农信/国光WOSA测试工具/js/devicelib/idscaner.js",
    	"C:/Users/Administrator/Desktop/安徽农信/国光WOSA测试工具/js/devicelib/laserprinter.js",
    	"C:/Users/Administrator/Desktop/安徽农信/国光WOSA测试工具/js/devicelib/pboc.js",
    	"C:/Users/Administrator/Desktop/安徽农信/国光WOSA测试工具/js/devicelib/pbprinter.js",
    	"C:/Users/Administrator/Desktop/安徽农信/国光WOSA测试工具/js/devicelib/pinpad.js",
    	"C:/Users/Administrator/Desktop/安徽农信/国光WOSA测试工具/js/devicelib/receiptprinter.js",
    	"C:/Users/Administrator/Desktop/安徽农信/国光WOSA测试工具/js/devicelib/rfcardreader.js",
    	"C:/Users/Administrator/Desktop/安徽农信/国光WOSA测试工具/js/devicelib/sensor.js",
    	"C:/Users/Administrator/Desktop/安徽农信/国光WOSA测试工具/js/devicelib/wireprinter.js"
    ],
    "exclude": [],
    "includePattern": ".+\\.js(doc)?$",
    "excludePattern": "(^|\\/|\\\\)_"
  },
  
	"plugins"   : ["plugins/markdown"],

	"templates" : {
		"cleverLinks"           : false,
		"monospaceLinks"        : false,
		"dateFormat"            : "ddd MMM Do YYYY",
		"outputSourceFiles"     : false,
		"outputSourcePath"      : false,
		"systemName"            : "安徽农信硬件API V1.0",
		"footer"                : "",
		"copyright"             : "ZZRJ HOME Copyright © 2014",
		"navType"               : "vertical",
		"theme"                 : "spacelab",
		"linenums"              : true,
		"collapseSymbols"       : false,
		"inverseNav"            : true,
		"highlightTutorialCode" : true,
		"protocol": "fred://"
	},
	"markdown"  : {
		"parser"   : "gfm",
		"hardwrap" : true
	}
}
